{
    "BATCH_SIZE": 32,
    "CONTINUE": false,
    "EPOCHS": 20,
    "acc_list": [
        0.8168339416058394,
        0.896213503649635,
        0.9144616788321168,
        0.9388686131386861,
        0.9441149635036497,
        0.9466240875912408,
        0.9470802919708029,
        0.9550638686131386,
        0.9530109489051095,
        0.9623631386861314,
        0.9534671532846716,
        0.9493613138686131,
        0.958029197080292,
        0.9621350364963503,
        0.9578010948905109,
        0.9614507299270073,
        0.9578010948905109,
        0.9621350364963503,
        0.9623631386861314,
        0.9646441605839416
    ],
    "depth": 1,
    "feed_forward.__name__": "LeNet",
    "keep_prob_value": 0.5,
    "learning_rate": 0.001,
    "loss_list": [
        